sample_id,group_id,text_id,split,condition,label,score
reference-0-0,g000,h000,test,reference,0,0.1
reference-0-1,g000,reference-a000,test,reference,1,0.7
shifted-0-0,g000,h000,test,shifted,0,0.1
shifted-0-1,g000,shifted-a000,test,shifted,1,0.35
reference-1-0,g001,h001,test,reference,0,0.10202020202020202
reference-1-1,g001,reference-a001,test,reference,1,0.702020202020202
shifted-1-0,g001,h001,test,shifted,0,0.10202020202020202
shifted-1-1,g001,shifted-a001,test,shifted,1,0.3515151515151515
reference-2-0,g002,h002,test,reference,0,0.10404040404040404
reference-2-1,g002,reference-a002,test,reference,1,0.704040404040404
shifted-2-0,g002,h002,test,shifted,0,0.10404040404040404
shifted-2-1,g002,shifted-a002,test,shifted,1,0.353030303030303
reference-3-0,g003,h003,test,reference,0,0.10606060606060606
reference-3-1,g003,reference-a003,test,reference,1,0.706060606060606
shifted-3-0,g003,h003,test,shifted,0,0.10606060606060606
shifted-3-1,g003,shifted-a003,test,shifted,1,0.3545454545454545
reference-4-0,g004,h004,test,reference,0,0.10808080808080808
reference-4-1,g004,reference-a004,test,reference,1,0.7080808080808081
shifted-4-0,g004,h004,test,shifted,0,0.10808080808080808
shifted-4-1,g004,shifted-a004,test,shifted,1,0.356060606060606
reference-5-0,g005,h005,test,reference,0,0.1101010101010101
reference-5-1,g005,reference-a005,test,reference,1,0.71010101010101
shifted-5-0,g005,h005,test,shifted,0,0.1101010101010101
shifted-5-1,g005,shifted-a005,test,shifted,1,0.35757575757575755
reference-6-0,g006,h006,test,reference,0,0.11212121212121212
reference-6-1,g006,reference-a006,test,reference,1,0.712121212121212
shifted-6-0,g006,h006,test,shifted,0,0.11212121212121212
shifted-6-1,g006,shifted-a006,test,shifted,1,0.35909090909090907
reference-7-0,g007,h007,test,reference,0,0.11414141414141415
reference-7-1,g007,reference-a007,test,reference,1,0.7141414141414141
shifted-7-0,g007,h007,test,shifted,0,0.11414141414141415
shifted-7-1,g007,shifted-a007,test,shifted,1,0.3606060606060606
reference-8-0,g008,h008,test,reference,0,0.11616161616161616
reference-8-1,g008,reference-a008,test,reference,1,0.7161616161616161
shifted-8-0,g008,h008,test,shifted,0,0.11616161616161616
shifted-8-1,g008,shifted-a008,test,shifted,1,0.3621212121212121
reference-9-0,g009,h009,test,reference,0,0.1181818181818182
reference-9-1,g009,reference-a009,test,reference,1,0.7181818181818181
shifted-9-0,g009,h009,test,shifted,0,0.1181818181818182
shifted-9-1,g009,shifted-a009,test,shifted,1,0.3636363636363636
reference-10-0,g010,h010,test,reference,0,0.12020202020202021
reference-10-1,g010,reference-a010,test,reference,1,0.7202020202020202
shifted-10-0,g010,h010,test,shifted,0,0.12020202020202021
shifted-10-1,g010,shifted-a010,test,shifted,1,0.3651515151515151
reference-11-0,g011,h011,test,reference,0,0.12222222222222223
reference-11-1,g011,reference-a011,test,reference,1,0.7222222222222222
shifted-11-0,g011,h011,test,shifted,0,0.12222222222222223
shifted-11-1,g011,shifted-a011,test,shifted,1,0.36666666666666664
reference-12-0,g012,h012,test,reference,0,0.12424242424242425
reference-12-1,g012,reference-a012,test,reference,1,0.7242424242424242
shifted-12-0,g012,h012,test,shifted,0,0.12424242424242425
shifted-12-1,g012,shifted-a012,test,shifted,1,0.36818181818181817
reference-13-0,g013,h013,test,reference,0,0.12626262626262627
reference-13-1,g013,reference-a013,test,reference,1,0.7262626262626262
shifted-13-0,g013,h013,test,shifted,0,0.12626262626262627
shifted-13-1,g013,shifted-a013,test,shifted,1,0.3696969696969697
reference-14-0,g014,h014,test,reference,0,0.12828282828282828
reference-14-1,g014,reference-a014,test,reference,1,0.7282828282828282
shifted-14-0,g014,h014,test,shifted,0,0.12828282828282828
shifted-14-1,g014,shifted-a014,test,shifted,1,0.3712121212121212
reference-15-0,g015,h015,test,reference,0,0.1303030303030303
reference-15-1,g015,reference-a015,test,reference,1,0.7303030303030302
shifted-15-0,g015,h015,test,shifted,0,0.1303030303030303
shifted-15-1,g015,shifted-a015,test,shifted,1,0.3727272727272727
reference-16-0,g016,h016,test,reference,0,0.13232323232323234
reference-16-1,g016,reference-a016,test,reference,1,0.7323232323232323
shifted-16-0,g016,h016,test,shifted,0,0.13232323232323234
shifted-16-1,g016,shifted-a016,test,shifted,1,0.3742424242424242
reference-17-0,g017,h017,test,reference,0,0.13434343434343435
reference-17-1,g017,reference-a017,test,reference,1,0.7343434343434343
shifted-17-0,g017,h017,test,shifted,0,0.13434343434343435
shifted-17-1,g017,shifted-a017,test,shifted,1,0.37575757575757573
reference-18-0,g018,h018,test,reference,0,0.13636363636363635
reference-18-1,g018,reference-a018,test,reference,1,0.7363636363636363
shifted-18-0,g018,h018,test,shifted,0,0.13636363636363635
shifted-18-1,g018,shifted-a018,test,shifted,1,0.37727272727272726
reference-19-0,g019,h019,test,reference,0,0.1383838383838384
reference-19-1,g019,reference-a019,test,reference,1,0.7383838383838384
shifted-19-0,g019,h019,test,shifted,0,0.1383838383838384
shifted-19-1,g019,shifted-a019,test,shifted,1,0.3787878787878788
reference-20-0,g020,h020,test,reference,0,0.14040404040404042
reference-20-1,g020,reference-a020,test,reference,1,0.7404040404040404
shifted-20-0,g020,h020,test,shifted,0,0.14040404040404042
shifted-20-1,g020,shifted-a020,test,shifted,1,0.38030303030303025
reference-21-0,g021,h021,test,reference,0,0.14242424242424243
reference-21-1,g021,reference-a021,test,reference,1,0.7424242424242424
shifted-21-0,g021,h021,test,shifted,0,0.14242424242424243
shifted-21-1,g021,shifted-a021,test,shifted,1,0.3818181818181818
reference-22-0,g022,h022,test,reference,0,0.14444444444444446
reference-22-1,g022,reference-a022,test,reference,1,0.7444444444444444
shifted-22-0,g022,h022,test,shifted,0,0.14444444444444446
shifted-22-1,g022,shifted-a022,test,shifted,1,0.3833333333333333
reference-23-0,g023,h023,test,reference,0,0.14646464646464646
reference-23-1,g023,reference-a023,test,reference,1,0.7464646464646464
shifted-23-0,g023,h023,test,shifted,0,0.14646464646464646
shifted-23-1,g023,shifted-a023,test,shifted,1,0.38484848484848483
reference-24-0,g024,h024,test,reference,0,0.1484848484848485
reference-24-1,g024,reference-a024,test,reference,1,0.7484848484848484
shifted-24-0,g024,h024,test,shifted,0,0.1484848484848485
shifted-24-1,g024,shifted-a024,test,shifted,1,0.38636363636363635
reference-25-0,g025,h025,test,reference,0,0.1505050505050505
reference-25-1,g025,reference-a025,test,reference,1,0.7505050505050505
shifted-25-0,g025,h025,test,shifted,0,0.1505050505050505
shifted-25-1,g025,shifted-a025,test,shifted,1,0.3878787878787879
reference-26-0,g026,h026,test,reference,0,0.15252525252525254
reference-26-1,g026,reference-a026,test,reference,1,0.7525252525252525
shifted-26-0,g026,h026,test,shifted,0,0.15252525252525254
shifted-26-1,g026,shifted-a026,test,shifted,1,0.38939393939393935
reference-27-0,g027,h027,test,reference,0,0.15454545454545454
reference-27-1,g027,reference-a027,test,reference,1,0.7545454545454545
shifted-27-0,g027,h027,test,shifted,0,0.15454545454545454
shifted-27-1,g027,shifted-a027,test,shifted,1,0.3909090909090909
reference-28-0,g028,h028,test,reference,0,0.15656565656565657
reference-28-1,g028,reference-a028,test,reference,1,0.7565656565656566
shifted-28-0,g028,h028,test,shifted,0,0.15656565656565657
shifted-28-1,g028,shifted-a028,test,shifted,1,0.3924242424242424
reference-29-0,g029,h029,test,reference,0,0.1585858585858586
reference-29-1,g029,reference-a029,test,reference,1,0.7585858585858586
shifted-29-0,g029,h029,test,shifted,0,0.1585858585858586
shifted-29-1,g029,shifted-a029,test,shifted,1,0.3939393939393939
reference-30-0,g030,h030,test,reference,0,0.1606060606060606
reference-30-1,g030,reference-a030,test,reference,1,0.7606060606060605
shifted-30-0,g030,h030,test,shifted,0,0.1606060606060606
shifted-30-1,g030,shifted-a030,test,shifted,1,0.39545454545454545
reference-31-0,g031,h031,test,reference,0,0.16262626262626262
reference-31-1,g031,reference-a031,test,reference,1,0.7626262626262625
shifted-31-0,g031,h031,test,shifted,0,0.16262626262626262
shifted-31-1,g031,shifted-a031,test,shifted,1,0.396969696969697
reference-32-0,g032,h032,test,reference,0,0.16464646464646465
reference-32-1,g032,reference-a032,test,reference,1,0.7646464646464646
shifted-32-0,g032,h032,test,shifted,0,0.16464646464646465
shifted-32-1,g032,shifted-a032,test,shifted,1,0.39848484848484844
reference-33-0,g033,h033,test,reference,0,0.16666666666666669
reference-33-1,g033,reference-a033,test,reference,1,0.7666666666666666
shifted-33-0,g033,h033,test,shifted,0,0.16666666666666669
shifted-33-1,g033,shifted-a033,test,shifted,1,0.39999999999999997
reference-34-0,g034,h034,test,reference,0,0.16868686868686872
reference-34-1,g034,reference-a034,test,reference,1,0.7686868686868686
shifted-34-0,g034,h034,test,shifted,0,0.16868686868686872
shifted-34-1,g034,shifted-a034,test,shifted,1,0.4015151515151515
reference-35-0,g035,h035,test,reference,0,0.1707070707070707
reference-35-1,g035,reference-a035,test,reference,1,0.7707070707070707
shifted-35-0,g035,h035,test,shifted,0,0.1707070707070707
shifted-35-1,g035,shifted-a035,test,shifted,1,0.403030303030303
reference-36-0,g036,h036,test,reference,0,0.17272727272727273
reference-36-1,g036,reference-a036,test,reference,1,0.7727272727272727
shifted-36-0,g036,h036,test,shifted,0,0.17272727272727273
shifted-36-1,g036,shifted-a036,test,shifted,1,0.40454545454545454
reference-37-0,g037,h037,test,reference,0,0.17474747474747476
reference-37-1,g037,reference-a037,test,reference,1,0.7747474747474747
shifted-37-0,g037,h037,test,shifted,0,0.17474747474747476
shifted-37-1,g037,shifted-a037,test,shifted,1,0.406060606060606
reference-38-0,g038,h038,test,reference,0,0.1767676767676768
reference-38-1,g038,reference-a038,test,reference,1,0.7767676767676768
shifted-38-0,g038,h038,test,shifted,0,0.1767676767676768
shifted-38-1,g038,shifted-a038,test,shifted,1,0.40757575757575754
reference-39-0,g039,h039,test,reference,0,0.1787878787878788
reference-39-1,g039,reference-a039,test,reference,1,0.7787878787878788
shifted-39-0,g039,h039,test,shifted,0,0.1787878787878788
shifted-39-1,g039,shifted-a039,test,shifted,1,0.40909090909090906
reference-40-0,g040,h040,test,reference,0,0.1808080808080808
reference-40-1,g040,reference-a040,test,reference,1,0.7808080808080807
shifted-40-0,g040,h040,test,shifted,0,0.1808080808080808
shifted-40-1,g040,shifted-a040,test,shifted,1,0.4106060606060606
reference-41-0,g041,h041,test,reference,0,0.18282828282828284
reference-41-1,g041,reference-a041,test,reference,1,0.7828282828282828
shifted-41-0,g041,h041,test,shifted,0,0.18282828282828284
shifted-41-1,g041,shifted-a041,test,shifted,1,0.4121212121212121
reference-42-0,g042,h042,test,reference,0,0.18484848484848487
reference-42-1,g042,reference-a042,test,reference,1,0.7848484848484848
shifted-42-0,g042,h042,test,shifted,0,0.18484848484848487
shifted-42-1,g042,shifted-a042,test,shifted,1,0.4136363636363636
reference-43-0,g043,h043,test,reference,0,0.18686868686868685
reference-43-1,g043,reference-a043,test,reference,1,0.7868686868686868
shifted-43-0,g043,h043,test,shifted,0,0.18686868686868685
shifted-43-1,g043,shifted-a043,test,shifted,1,0.41515151515151516
reference-44-0,g044,h044,test,reference,0,0.18888888888888888
reference-44-1,g044,reference-a044,test,reference,1,0.7888888888888889
shifted-44-0,g044,h044,test,shifted,0,0.18888888888888888
shifted-44-1,g044,shifted-a044,test,shifted,1,0.41666666666666663
reference-45-0,g045,h045,test,reference,0,0.19090909090909092
reference-45-1,g045,reference-a045,test,reference,1,0.7909090909090909
shifted-45-0,g045,h045,test,shifted,0,0.19090909090909092
shifted-45-1,g045,shifted-a045,test,shifted,1,0.41818181818181815
reference-46-0,g046,h046,test,reference,0,0.19292929292929295
reference-46-1,g046,reference-a046,test,reference,1,0.7929292929292929
shifted-46-0,g046,h046,test,shifted,0,0.19292929292929295
shifted-46-1,g046,shifted-a046,test,shifted,1,0.4196969696969697
reference-47-0,g047,h047,test,reference,0,0.19494949494949496
reference-47-1,g047,reference-a047,test,reference,1,0.7949494949494949
shifted-47-0,g047,h047,test,shifted,0,0.19494949494949496
shifted-47-1,g047,shifted-a047,test,shifted,1,0.4212121212121212
reference-48-0,g048,h048,test,reference,0,0.196969696969697
reference-48-1,g048,reference-a048,test,reference,1,0.7969696969696969
shifted-48-0,g048,h048,test,shifted,0,0.196969696969697
shifted-48-1,g048,shifted-a048,test,shifted,1,0.42272727272727273
reference-49-0,g049,h049,test,reference,0,0.198989898989899
reference-49-1,g049,reference-a049,test,reference,1,0.7989898989898989
shifted-49-0,g049,h049,test,shifted,0,0.198989898989899
shifted-49-1,g049,shifted-a049,test,shifted,1,0.4242424242424242
reference-50-0,g050,h050,test,reference,0,0.20101010101010103
reference-50-1,g050,reference-a050,test,reference,1,0.801010101010101
shifted-50-0,g050,h050,test,shifted,0,0.20101010101010103
shifted-50-1,g050,shifted-a050,test,shifted,1,0.4257575757575757
reference-51-0,g051,h051,test,reference,0,0.20303030303030306
reference-51-1,g051,reference-a051,test,reference,1,0.803030303030303
shifted-51-0,g051,h051,test,shifted,0,0.20303030303030306
shifted-51-1,g051,shifted-a051,test,shifted,1,0.42727272727272725
reference-52-0,g052,h052,test,reference,0,0.20505050505050507
reference-52-1,g052,reference-a052,test,reference,1,0.805050505050505
shifted-52-0,g052,h052,test,shifted,0,0.20505050505050507
shifted-52-1,g052,shifted-a052,test,shifted,1,0.4287878787878788
reference-53-0,g053,h053,test,reference,0,0.20707070707070707
reference-53-1,g053,reference-a053,test,reference,1,0.807070707070707
shifted-53-0,g053,h053,test,shifted,0,0.20707070707070707
shifted-53-1,g053,shifted-a053,test,shifted,1,0.4303030303030303
reference-54-0,g054,h054,test,reference,0,0.2090909090909091
reference-54-1,g054,reference-a054,test,reference,1,0.8090909090909091
shifted-54-0,g054,h054,test,shifted,0,0.2090909090909091
shifted-54-1,g054,shifted-a054,test,shifted,1,0.43181818181818177
reference-55-0,g055,h055,test,reference,0,0.2111111111111111
reference-55-1,g055,reference-a055,test,reference,1,0.8111111111111111
shifted-55-0,g055,h055,test,shifted,0,0.2111111111111111
shifted-55-1,g055,shifted-a055,test,shifted,1,0.4333333333333333
reference-56-0,g056,h056,test,reference,0,0.21313131313131314
reference-56-1,g056,reference-a056,test,reference,1,0.8131313131313131
shifted-56-0,g056,h056,test,shifted,0,0.21313131313131314
shifted-56-1,g056,shifted-a056,test,shifted,1,0.4348484848484848
reference-57-0,g057,h057,test,reference,0,0.21515151515151515
reference-57-1,g057,reference-a057,test,reference,1,0.8151515151515151
shifted-57-0,g057,h057,test,shifted,0,0.21515151515151515
shifted-57-1,g057,shifted-a057,test,shifted,1,0.43636363636363634
reference-58-0,g058,h058,test,reference,0,0.21717171717171718
reference-58-1,g058,reference-a058,test,reference,1,0.8171717171717171
shifted-58-0,g058,h058,test,shifted,0,0.21717171717171718
shifted-58-1,g058,shifted-a058,test,shifted,1,0.43787878787878787
reference-59-0,g059,h059,test,reference,0,0.21919191919191922
reference-59-1,g059,reference-a059,test,reference,1,0.8191919191919191
shifted-59-0,g059,h059,test,shifted,0,0.21919191919191922
shifted-59-1,g059,shifted-a059,test,shifted,1,0.43939393939393934
reference-60-0,g060,h060,test,reference,0,0.22121212121212122
reference-60-1,g060,reference-a060,test,reference,1,0.8212121212121212
shifted-60-0,g060,h060,test,shifted,0,0.22121212121212122
shifted-60-1,g060,shifted-a060,test,shifted,1,0.4409090909090909
reference-61-0,g061,h061,test,reference,0,0.22323232323232325
reference-61-1,g061,reference-a061,test,reference,1,0.8232323232323232
shifted-61-0,g061,h061,test,shifted,0,0.22323232323232325
shifted-61-1,g061,shifted-a061,test,shifted,1,0.4424242424242424
reference-62-0,g062,h062,test,reference,0,0.22525252525252526
reference-62-1,g062,reference-a062,test,reference,1,0.8252525252525252
shifted-62-0,g062,h062,test,shifted,0,0.22525252525252526
shifted-62-1,g062,shifted-a062,test,shifted,1,0.4439393939393939
reference-63-0,g063,h063,test,reference,0,0.2272727272727273
reference-63-1,g063,reference-a063,test,reference,1,0.8272727272727273
shifted-63-0,g063,h063,test,shifted,0,0.2272727272727273
shifted-63-1,g063,shifted-a063,test,shifted,1,0.44545454545454544
reference-64-0,g064,h064,test,reference,0,0.2292929292929293
reference-64-1,g064,reference-a064,test,reference,1,0.8292929292929292
shifted-64-0,g064,h064,test,shifted,0,0.2292929292929293
shifted-64-1,g064,shifted-a064,test,shifted,1,0.44696969696969696
reference-65-0,g065,h065,test,reference,0,0.23131313131313133
reference-65-1,g065,reference-a065,test,reference,1,0.8313131313131312
shifted-65-0,g065,h065,test,shifted,0,0.23131313131313133
shifted-65-1,g065,shifted-a065,test,shifted,1,0.4484848484848485
reference-66-0,g066,h066,test,reference,0,0.23333333333333334
reference-66-1,g066,reference-a066,test,reference,1,0.8333333333333333
shifted-66-0,g066,h066,test,shifted,0,0.23333333333333334
shifted-66-1,g066,shifted-a066,test,shifted,1,0.44999999999999996
reference-67-0,g067,h067,test,reference,0,0.23535353535353537
reference-67-1,g067,reference-a067,test,reference,1,0.8353535353535353
shifted-67-0,g067,h067,test,shifted,0,0.23535353535353537
shifted-67-1,g067,shifted-a067,test,shifted,1,0.4515151515151515
reference-68-0,g068,h068,test,reference,0,0.2373737373737374
reference-68-1,g068,reference-a068,test,reference,1,0.8373737373737373
shifted-68-0,g068,h068,test,shifted,0,0.2373737373737374
shifted-68-1,g068,shifted-a068,test,shifted,1,0.453030303030303
reference-69-0,g069,h069,test,reference,0,0.2393939393939394
reference-69-1,g069,reference-a069,test,reference,1,0.8393939393939394
shifted-69-0,g069,h069,test,shifted,0,0.2393939393939394
shifted-69-1,g069,shifted-a069,test,shifted,1,0.45454545454545453
reference-70-0,g070,h070,test,reference,0,0.24141414141414141
reference-70-1,g070,reference-a070,test,reference,1,0.8414141414141414
shifted-70-0,g070,h070,test,shifted,0,0.24141414141414141
shifted-70-1,g070,shifted-a070,test,shifted,1,0.45606060606060606
reference-71-0,g071,h071,test,reference,0,0.24343434343434345
reference-71-1,g071,reference-a071,test,reference,1,0.8434343434343434
shifted-71-0,g071,h071,test,shifted,0,0.24343434343434345
shifted-71-1,g071,shifted-a071,test,shifted,1,0.4575757575757575
reference-72-0,g072,h072,test,reference,0,0.24545454545454545
reference-72-1,g072,reference-a072,test,reference,1,0.8454545454545455
shifted-72-0,g072,h072,test,shifted,0,0.24545454545454545
shifted-72-1,g072,shifted-a072,test,shifted,1,0.45909090909090905
reference-73-0,g073,h073,test,reference,0,0.2474747474747475
reference-73-1,g073,reference-a073,test,reference,1,0.8474747474747475
shifted-73-0,g073,h073,test,shifted,0,0.2474747474747475
shifted-73-1,g073,shifted-a073,test,shifted,1,0.4606060606060606
reference-74-0,g074,h074,test,reference,0,0.24949494949494952
reference-74-1,g074,reference-a074,test,reference,1,0.8494949494949495
shifted-74-0,g074,h074,test,shifted,0,0.24949494949494952
shifted-74-1,g074,shifted-a074,test,shifted,1,0.4621212121212121
reference-75-0,g075,h075,test,reference,0,0.2515151515151515
reference-75-1,g075,reference-a075,test,reference,1,0.8515151515151514
shifted-75-0,g075,h075,test,shifted,0,0.2515151515151515
shifted-75-1,g075,shifted-a075,test,shifted,1,0.4636363636363636
reference-76-0,g076,h076,test,reference,0,0.25353535353535356
reference-76-1,g076,reference-a076,test,reference,1,0.8535353535353535
shifted-76-0,g076,h076,test,shifted,0,0.25353535353535356
shifted-76-1,g076,shifted-a076,test,shifted,1,0.46515151515151515
reference-77-0,g077,h077,test,reference,0,0.25555555555555554
reference-77-1,g077,reference-a077,test,reference,1,0.8555555555555555
shifted-77-0,g077,h077,test,shifted,0,0.25555555555555554
shifted-77-1,g077,shifted-a077,test,shifted,1,0.4666666666666666
reference-78-0,g078,h078,test,reference,0,0.25757575757575757
reference-78-1,g078,reference-a078,test,reference,1,0.8575757575757575
shifted-78-0,g078,h078,test,shifted,0,0.25757575757575757
shifted-78-1,g078,shifted-a078,test,shifted,1,0.46818181818181814
reference-79-0,g079,h079,test,reference,0,0.2595959595959596
reference-79-1,g079,reference-a079,test,reference,1,0.8595959595959596
shifted-79-0,g079,h079,test,shifted,0,0.2595959595959596
shifted-79-1,g079,shifted-a079,test,shifted,1,0.46969696969696967
reference-80-0,g080,h080,test,reference,0,0.26161616161616164
reference-80-1,g080,reference-a080,test,reference,1,0.8616161616161616
shifted-80-0,g080,h080,test,shifted,0,0.26161616161616164
shifted-80-1,g080,shifted-a080,test,shifted,1,0.4712121212121212
reference-81-0,g081,h081,test,reference,0,0.26363636363636367
reference-81-1,g081,reference-a081,test,reference,1,0.8636363636363635
shifted-81-0,g081,h081,test,shifted,0,0.26363636363636367
shifted-81-1,g081,shifted-a081,test,shifted,1,0.4727272727272727
reference-82-0,g082,h082,test,reference,0,0.2656565656565657
reference-82-1,g082,reference-a082,test,reference,1,0.8656565656565656
shifted-82-0,g082,h082,test,shifted,0,0.2656565656565657
shifted-82-1,g082,shifted-a082,test,shifted,1,0.47424242424242424
reference-83-0,g083,h083,test,reference,0,0.26767676767676774
reference-83-1,g083,reference-a083,test,reference,1,0.8676767676767676
shifted-83-0,g083,h083,test,shifted,0,0.26767676767676774
shifted-83-1,g083,shifted-a083,test,shifted,1,0.4757575757575757
reference-84-0,g084,h084,test,reference,0,0.2696969696969697
reference-84-1,g084,reference-a084,test,reference,1,0.8696969696969696
shifted-84-0,g084,h084,test,shifted,0,0.2696969696969697
shifted-84-1,g084,shifted-a084,test,shifted,1,0.47727272727272724
reference-85-0,g085,h085,test,reference,0,0.2717171717171717
reference-85-1,g085,reference-a085,test,reference,1,0.8717171717171717
shifted-85-0,g085,h085,test,shifted,0,0.2717171717171717
shifted-85-1,g085,shifted-a085,test,shifted,1,0.47878787878787876
reference-86-0,g086,h086,test,reference,0,0.2737373737373737
reference-86-1,g086,reference-a086,test,reference,1,0.8737373737373737
shifted-86-0,g086,h086,test,shifted,0,0.2737373737373737
shifted-86-1,g086,shifted-a086,test,shifted,1,0.4803030303030303
reference-87-0,g087,h087,test,reference,0,0.27575757575757576
reference-87-1,g087,reference-a087,test,reference,1,0.8757575757575757
shifted-87-0,g087,h087,test,shifted,0,0.27575757575757576
shifted-87-1,g087,shifted-a087,test,shifted,1,0.4818181818181818
reference-88-0,g088,h088,test,reference,0,0.2777777777777778
reference-88-1,g088,reference-a088,test,reference,1,0.8777777777777778
shifted-88-0,g088,h088,test,shifted,0,0.2777777777777778
shifted-88-1,g088,shifted-a088,test,shifted,1,0.4833333333333333
reference-89-0,g089,h089,test,reference,0,0.2797979797979798
reference-89-1,g089,reference-a089,test,reference,1,0.8797979797979798
shifted-89-0,g089,h089,test,shifted,0,0.2797979797979798
shifted-89-1,g089,shifted-a089,test,shifted,1,0.48484848484848486
reference-90-0,g090,h090,test,reference,0,0.28181818181818186
reference-90-1,g090,reference-a090,test,reference,1,0.8818181818181818
shifted-90-0,g090,h090,test,shifted,0,0.28181818181818186
shifted-90-1,g090,shifted-a090,test,shifted,1,0.48636363636363633
reference-91-0,g091,h091,test,reference,0,0.28383838383838383
reference-91-1,g091,reference-a091,test,reference,1,0.8838383838383838
shifted-91-0,g091,h091,test,shifted,0,0.28383838383838383
shifted-91-1,g091,shifted-a091,test,shifted,1,0.48787878787878786
reference-92-0,g092,h092,test,reference,0,0.2858585858585859
reference-92-1,g092,reference-a092,test,reference,1,0.8858585858585859
shifted-92-0,g092,h092,test,shifted,0,0.2858585858585859
shifted-92-1,g092,shifted-a092,test,shifted,1,0.4893939393939394
reference-93-0,g093,h093,test,reference,0,0.2878787878787879
reference-93-1,g093,reference-a093,test,reference,1,0.8878787878787878
shifted-93-0,g093,h093,test,shifted,0,0.2878787878787879
shifted-93-1,g093,shifted-a093,test,shifted,1,0.49090909090909085
reference-94-0,g094,h094,test,reference,0,0.2898989898989899
reference-94-1,g094,reference-a094,test,reference,1,0.8898989898989899
shifted-94-0,g094,h094,test,shifted,0,0.2898989898989899
shifted-94-1,g094,shifted-a094,test,shifted,1,0.49242424242424243
reference-95-0,g095,h095,test,reference,0,0.2919191919191919
reference-95-1,g095,reference-a095,test,reference,1,0.8919191919191919
shifted-95-0,g095,h095,test,shifted,0,0.2919191919191919
shifted-95-1,g095,shifted-a095,test,shifted,1,0.4939393939393939
reference-96-0,g096,h096,test,reference,0,0.29393939393939394
reference-96-1,g096,reference-a096,test,reference,1,0.8939393939393939
shifted-96-0,g096,h096,test,shifted,0,0.29393939393939394
shifted-96-1,g096,shifted-a096,test,shifted,1,0.4954545454545454
reference-97-0,g097,h097,test,reference,0,0.295959595959596
reference-97-1,g097,reference-a097,test,reference,1,0.895959595959596
shifted-97-0,g097,h097,test,shifted,0,0.295959595959596
shifted-97-1,g097,shifted-a097,test,shifted,1,0.49696969696969695
reference-98-0,g098,h098,test,reference,0,0.297979797979798
reference-98-1,g098,reference-a098,test,reference,1,0.897979797979798
shifted-98-0,g098,h098,test,shifted,0,0.297979797979798
shifted-98-1,g098,shifted-a098,test,shifted,1,0.4984848484848484
reference-99-0,g099,h099,test,reference,0,0.30000000000000004
reference-99-1,g099,reference-a099,test,reference,1,0.8999999999999999
shifted-99-0,g099,h099,test,shifted,0,0.30000000000000004
shifted-99-1,g099,shifted-a099,test,shifted,1,0.5
